sound_sample_name,sample,form,geol,hit_number,sample_name,sample_number,sound_sample_name_simple,sound_number,mass_ini,mass_0,mass_n,mass_end,f1_ini,a1_ini,f1_0,a1_0,f1_n,a1_n,f1_end,a1_end
L_pl_a_1,L,pl,a,1,S01,1,S01_1,1,3458.07,3481.07,3481.78,3460.54,2748,0.3712,2590,0.7269,2499.75603,1.017641,2664.80616,0.637452
L_pl_a_2,L,pl,a,2,S01,1,S01_2,2,3458.07,3481.07,3481.78,3460.54,2748,0.3712,2590,0.7269,2499.75603,1.017641,2664.80616,0.637452
L_pl_a_3,L,pl,a,3,S01,1,S01_3,3,3458.07,3481.07,3481.78,3460.54,2748,0.3712,2590,0.7269,2499.75603,1.017641,2664.80616,0.637452
L_pl_a_4,L,pl,a,4,S01,1,S01_4,4,3458.07,3481.07,3481.78,3460.54,2748,0.3712,2590,0.7269,2499.75603,1.017641,2664.80616,0.637452
L_pl_a_5,L,pl,a,5,S01,1,S01_5,5,3458.07,3481.07,3481.78,3460.54,2748,0.3712,2590,0.7269,2499.75603,1.017641,2664.80616,0.637452
L_pl_a_6,L,pl,a,6,S01,1,S01_6,6,3458.07,3481.07,3481.78,3460.54,2748,0.3712,2590,0.7269,2499.75603,1.017641,2664.80616,0.637452
L_pl_a_7,L,pl,a,7,S01,1,S01_7,7,3458.07,3481.07,3481.78,3460.54,2748,0.3712,2590,0.7269,2499.75603,1.017641,2664.80616,0.637452
L_pl_a_8,L,pl,a,8,S01,1,S01_8,8,3458.07,3481.07,3481.78,3460.54,2748,0.3712,2590,0.7269,2499.75603,1.017641,2664.80616,0.637452
L_pl_a_9,L,pl,a,9,S01,1,S01_9,9,3458.07,3481.07,3481.78,3460.54,2748,0.3712,2590,0.7269,2499.75603,1.017641,2664.80616,0.637452
L_pl_b_1,L,pl,b,1,S02,2,S02_1,1,2089.95,2100.36,2100.97,2089.97,3289,0.4162,3165,0.5363,3116.337161,0.565948,3225.219827,0.41985
L_pl_b_2,L,pl,b,2,S02,2,S02_2,2,2089.95,2100.36,2100.97,2089.97,3289,0.4162,3165,0.5363,3116.337161,0.565948,3225.219827,0.41985
L_pl_b_3,L,pl,b,3,S02,2,S02_3,3,2089.95,2100.36,2100.97,2089.97,3289,0.4162,3165,0.5363,3116.337161,0.565948,3225.219827,0.41985
L_pl_b_4,L,pl,b,4,S02,2,S02_4,4,2089.95,2100.36,2100.97,2089.97,3289,0.4162,3165,0.5363,3116.337161,0.565948,3225.219827,0.41985
L_pl_b_5,L,pl,b,5,S02,2,S02_5,5,2089.95,2100.36,2100.97,2089.97,3289,0.4162,3165,0.5363,3116.337161,0.565948,3225.219827,0.41985
L_pl_b_6,L,pl,b,6,S02,2,S02_6,6,2089.95,2100.36,2100.97,2089.97,3289,0.4162,3165,0.5363,3116.337161,0.565948,3225.219827,0.41985
L_pl_b_7,L,pl,b,7,S02,2,S02_7,7,2089.95,2100.36,2100.97,2089.97,3289,0.4162,3165,0.5363,3116.337161,0.565948,3225.219827,0.41985
L_pl_b_8,L,pl,b,8,S02,2,S02_8,8,2089.95,2100.36,2100.97,2089.97,3289,0.4162,3165,0.5363,3116.337161,0.565948,3225.219827,0.41985
L_pl_b_9,L,pl,b,9,S02,2,S02_9,9,2089.95,2100.36,2100.97,2089.97,3289,0.4162,3165,0.5363,3116.337161,0.565948,3225.219827,0.41985
L_pl_e_1,L,pl,e,1,S03,3,S03_1,1,1859.11,1864.19,1860.01,1848.91,1665.211513,0.614394,1579.015947,0.686967,1566.539926,0.768571,1645.608748,0.832996
L_pl_e_2,L,pl,e,2,S03,3,S03_2,2,1859.11,1864.19,1860.01,1848.91,1665.211513,0.614394,1579.015947,0.686967,1566.539926,0.768571,1645.608748,0.832996
L_pl_e_3,L,pl,e,3,S03,3,S03_3,3,1859.11,1864.19,1860.01,1848.91,1665.211513,0.614394,1579.015947,0.686967,1566.539926,0.768571,1645.608748,0.832996
L_pl_e_4,L,pl,e,4,S03,3,S03_4,4,1859.11,1864.19,1860.01,1848.91,1665.211513,0.614394,1579.015947,0.686967,1566.539926,0.768571,1645.608748,0.832996
L_pl_e_5,L,pl,e,5,S03,3,S03_5,5,1859.11,1864.19,1860.01,1848.91,1665.211513,0.614394,1579.015947,0.686967,1566.539926,0.768571,1645.608748,0.832996
L_pl_e_6,L,pl,e,6,S03,3,S03_6,6,1859.11,1864.19,1860.01,1848.91,1665.211513,0.614394,1579.015947,0.686967,1566.539926,0.768571,1645.608748,0.832996
L_pl_e_7,L,pl,e,7,S03,3,S03_7,7,1859.11,1864.19,1860.01,1848.91,1665.211513,0.614394,1579.015947,0.686967,1566.539926,0.768571,1645.608748,0.832996
L_pl_e_8,L,pl,e,8,S03,3,S03_8,8,1859.11,1864.19,1860.01,1848.91,1665.211513,0.614394,1579.015947,0.686967,1566.539926,0.768571,1645.608748,0.832996
L_pl_e_9,L,pl,e,9,S03,3,S03_9,9,1859.11,1864.19,1860.01,1848.91,1665.211513,0.614394,1579.015947,0.686967,1566.539926,0.768571,1645.608748,0.832996
L_pt_a2_1,L,pt,a2,1,S04,4,S04_1,1,592.19,595.85,595.58,591.58,5750,0.4005,5519,0.8356,5313.904427,1.026652,5624.842602,0.553029
L_pt_a2_2,L,pt,a2,2,S04,4,S04_2,2,592.19,595.85,595.58,591.58,5750,0.4005,5519,0.8356,5313.904427,1.026652,5624.842602,0.553029
L_pt_a2_3,L,pt,a2,3,S04,4,S04_3,3,592.19,595.85,595.58,591.58,5750,0.4005,5519,0.8356,5313.904427,1.026652,5624.842602,0.553029
L_pt_a3_1,L,pt,a3,1,S05,5,S05_1,1,619.04,622.77,622.71,618.7,5372,0.3811,5170,0.8609,5046.659326,0.880859,5286.781791,0.923733
L_pt_a3_2,L,pt,a3,2,S05,5,S05_2,2,619.04,622.77,622.71,618.7,5372,0.3811,5170,0.8609,5046.659326,0.880859,5286.781791,0.923733
L_pt_a3_3,L,pt,a3,3,S05,5,S05_3,3,619.04,622.77,622.71,618.7,5372,0.3811,5170,0.8609,5046.659326,0.880859,5286.781791,0.923733
L_pt_a4_1,L,pt,a4,1,S06,6,S06_1,1,614.83,618.79,618.26,614.38,5804,0.4269,5550,1.043,5350.004777,1.08274,5687.73804,0.404135
L_pt_a4_2,L,pt,a4,2,S06,6,S06_2,2,614.83,618.79,618.26,614.38,5804,0.4269,5550,1.043,5350.004777,1.08274,5687.73804,0.404135
L_pt_a4_3,L,pt,a4,3,S06,6,S06_3,3,614.83,618.79,618.26,614.38,5804,0.4269,5550,1.043,5350.004777,1.08274,5687.73804,0.404135
L_pt_b2_1,L,pt,b2,1,S07,7,S07_1,1,381.59,383.91,383.64,381.52,5447,0.4508,5313,0.607,5270.619718,0.746196,5376.053898,2.168966
L_pt_b2_2,L,pt,b2,2,S07,7,S07_2,2,381.59,383.91,383.64,381.52,5447,0.4508,5313,0.607,5270.619718,0.746196,5376.053898,2.168966
L_pt_e2_1,L,pt,e2,1,S08,8,S08_1,1,370.4,372.65,372.51,370.3,3370,0.6298,3252,0.8499,3238.966638,0.924462,3361.174649,0.823361
L_pt_e2_2,L,pt,e2,2,S08,8,S08_2,2,370.4,372.65,372.51,370.3,3370,0.6298,3252,0.8499,3238.966638,0.924462,3361.174649,0.823361
L_pt_e2_3,L,pt,e2,3,S08,8,S08_3,3,370.4,372.65,372.51,370.3,3370,0.6298,3252,0.8499,3238.966638,0.924462,3361.174649,0.823361
L_pt_e3_1,L,pt,e3,1,S09,9,S09_1,1,392.69,395.04,394.42,392.16,3622,0.3816,3494,0.7959,3496.006903,0.658781,3640.857381,1.575272
L_pt_e3_2,L,pt,e3,2,S09,9,S09_2,2,392.69,395.04,394.42,392.16,3622,0.3816,3494,0.7959,3496.006903,0.658781,3640.857381,1.575272
L_pt_e3_3,L,pt,e3,3,S09,9,S09_3,3,392.69,395.04,394.42,392.16,3622,0.3816,3494,0.7959,3496.006903,0.658781,3640.857381,1.575272
L_pt_e4_1,L,pt,e4,1,S10,10,S10_1,1,344.41,346.52,346.01,343.84,3115,0.8322,2980.149804,0.966569,2954.945409,0.682226,3075.451996,1.295235
L_pt_e4_2,L,pt,e4,2,S10,10,S10_2,2,344.41,346.52,346.01,343.84,3115,0.8322,2980.149804,0.966569,2954.945409,0.682226,3075.451996,1.295235
L_pt_e4_3,L,pt,e4,3,S10,10,S10_3,3,344.41,346.52,346.01,343.84,3115,0.8322,2980.149804,0.966569,2954.945409,0.682226,3075.451996,1.295235
M_pl_a1_1,M,pl,a1,1,S11,11,S11_1,1,2298.38,2309.98,2311.94,2299.8,2014.886014,0.524576,1955.555341,0.509436,1832.182301,0.82312,1861.886032,0.844448
M_pl_a1_2,M,pl,a1,2,S11,11,S11_2,2,2298.38,2309.98,2311.94,2299.8,2014.886014,0.524576,1955.555341,0.509436,1832.182301,0.82312,1861.886032,0.844448
M_pl_a1_3,M,pl,a1,3,S11,11,S11_3,3,2298.38,2309.98,2311.94,2299.8,2014.886014,0.524576,1955.555341,0.509436,1832.182301,0.82312,1861.886032,0.844448
M_pl_a1_4,M,pl,a1,4,S11,11,S11_4,4,2298.38,2309.98,2311.94,2299.8,2014.886014,0.524576,1955.555341,0.509436,1832.182301,0.82312,1861.886032,0.844448
M_pl_a1_5,M,pl,a1,5,S11,11,S11_5,5,2298.38,2309.98,2311.94,2299.8,2014.886014,0.524576,1955.555341,0.509436,1832.182301,0.82312,1861.886032,0.844448
M_pl_a1_6,M,pl,a1,6,S11,11,S11_6,6,2298.38,2309.98,2311.94,2299.8,2014.886014,0.524576,1955.555341,0.509436,1832.182301,0.82312,1861.886032,0.844448
M_pl_a1_7,M,pl,a1,7,S11,11,S11_7,7,2298.38,2309.98,2311.94,2299.8,2014.886014,0.524576,1955.555341,0.509436,1832.182301,0.82312,1861.886032,0.844448
M_pl_a1_8,M,pl,a1,8,S11,11,S11_8,8,2298.38,2309.98,2311.94,2299.8,2014.886014,0.524576,1955.555341,0.509436,1832.182301,0.82312,1861.886032,0.844448
M_pl_a1_9,M,pl,a1,9,S11,11,S11_9,9,2298.38,2309.98,2311.94,2299.8,2014.886014,0.524576,1955.555341,0.509436,1832.182301,0.82312,1861.886032,0.844448
M_pl_a2_1,M,pl,a2,1,S12,12,S12_1,1,2291.54,2304.16,2301.02,2288.35,1531.468471,1.218534,1523.199245,1.825162,1395.845567,5.616028,1101.290582,5.592593
M_pl_a2_2,M,pl,a2,2,S12,12,S12_2,2,2291.54,2304.16,2301.02,2288.35,1531.468471,1.218534,1523.199245,1.825162,1395.845567,5.616028,1101.290582,5.592593
M_pl_a2_3,M,pl,a2,3,S12,12,S12_3,3,2291.54,2304.16,2301.02,2288.35,1531.468471,1.218534,1523.199245,1.825162,1395.845567,5.616028,1101.290582,5.592593
M_pl_a2_4,M,pl,a2,4,S12,12,S12_4,4,2291.54,2304.16,2301.02,2288.35,1531.468471,1.218534,1523.199245,1.825162,1395.845567,5.616028,1101.290582,5.592593
M_pl_a2_5,M,pl,a2,5,S12,12,S12_5,5,2291.54,2304.16,2301.02,2288.35,1531.468471,1.218534,1523.199245,1.825162,1395.845567,5.616028,1101.290582,5.592593
M_pl_a2_6,M,pl,a2,6,S12,12,S12_6,6,2291.54,2304.16,2301.02,2288.35,1531.468471,1.218534,1523.199245,1.825162,1395.845567,5.616028,1101.290582,5.592593
M_pl_a2_7,M,pl,a2,7,S12,12,S12_7,7,2291.54,2304.16,2301.02,2288.35,1531.468471,1.218534,1523.199245,1.825162,1395.845567,5.616028,1101.290582,5.592593
M_pl_a2_8,M,pl,a2,8,S12,12,S12_8,8,2291.54,2304.16,2301.02,2288.35,1531.468471,1.218534,1523.199245,1.825162,1395.845567,5.616028,1101.290582,5.592593
M_pl_a2_9,M,pl,a2,9,S12,12,S12_9,9,2291.54,2304.16,2301.02,2288.35,1531.468471,1.218534,1523.199245,1.825162,1395.845567,5.616028,1101.290582,5.592593
M_pl_b_1,M,pl,b,1,S13,13,S13_1,1,2362.45,2375.86,2376.4,2362.31,2060.244079,0.342073,2000.822838,0.42474,2005.202916,0.555311,2064.936877,0.866313
M_pl_b_2,M,pl,b,2,S13,13,S13_2,2,2362.45,2375.86,2376.4,2362.31,2060.244079,0.342073,2000.822838,0.42474,2005.202916,0.555311,2064.936877,0.866313
M_pl_b_3,M,pl,b,3,S13,13,S13_3,3,2362.45,2375.86,2376.4,2362.31,2060.244079,0.342073,2000.822838,0.42474,2005.202916,0.555311,2064.936877,0.866313
M_pl_b_4,M,pl,b,4,S13,13,S13_4,4,2362.45,2375.86,2376.4,2362.31,2060.244079,0.342073,2000.822838,0.42474,2005.202916,0.555311,2064.936877,0.866313
M_pl_b_5,M,pl,b,5,S13,13,S13_5,5,2362.45,2375.86,2376.4,2362.31,2060.244079,0.342073,2000.822838,0.42474,2005.202916,0.555311,2064.936877,0.866313
M_pl_b_6,M,pl,b,6,S13,13,S13_6,6,2362.45,2375.86,2376.4,2362.31,2060.244079,0.342073,2000.822838,0.42474,2005.202916,0.555311,2064.936877,0.866313
M_pl_b_7,M,pl,b,7,S13,13,S13_7,7,2362.45,2375.86,2376.4,2362.31,2060.244079,0.342073,2000.822838,0.42474,2005.202916,0.555311,2064.936877,0.866313
M_pl_b_8,M,pl,b,8,S13,13,S13_8,8,2362.45,2375.86,2376.4,2362.31,2060.244079,0.342073,2000.822838,0.42474,2005.202916,0.555311,2064.936877,0.866313
M_pl_b_9,M,pl,b,9,S13,13,S13_9,9,2362.45,2375.86,2376.4,2362.31,2060.244079,0.342073,2000.822838,0.42474,2005.202916,0.555311,2064.936877,0.866313
M_pl_c_1,M,pl,c,1,S14,14,S14_1,1,3691.05,3703.01,3707.27,3694.67,3058.309851,0.275313,2986,0.3288,2964.300091,0.436092,3017.978081,0.33892
M_pl_c_2,M,pl,c,2,S14,14,S14_2,2,3691.05,3703.01,3707.27,3694.67,3058.309851,0.275313,2986,0.3288,2964.300091,0.436092,3017.978081,0.33892
M_pl_c_3,M,pl,c,3,S14,14,S14_3,3,3691.05,3703.01,3707.27,3694.67,3058.309851,0.275313,2986,0.3288,2964.300091,0.436092,3017.978081,0.33892
M_pl_c_4,M,pl,c,4,S14,14,S14_4,4,3691.05,3703.01,3707.27,3694.67,3058.309851,0.275313,2986,0.3288,2964.300091,0.436092,3017.978081,0.33892
M_pl_c_5,M,pl,c,5,S14,14,S14_5,5,3691.05,3703.01,3707.27,3694.67,3058.309851,0.275313,2986,0.3288,2964.300091,0.436092,3017.978081,0.33892
M_pl_c_6,M,pl,c,6,S14,14,S14_6,6,3691.05,3703.01,3707.27,3694.67,3058.309851,0.275313,2986,0.3288,2964.300091,0.436092,3017.978081,0.33892
M_pl_c_7,M,pl,c,7,S14,14,S14_7,7,3691.05,3703.01,3707.27,3694.67,3058.309851,0.275313,2986,0.3288,2964.300091,0.436092,3017.978081,0.33892
M_pl_c_8,M,pl,c,8,S14,14,S14_8,8,3691.05,3703.01,3707.27,3694.67,3058.309851,0.275313,2986,0.3288,2964.300091,0.436092,3017.978081,0.33892
M_pl_c_9,M,pl,c,9,S14,14,S14_9,9,3691.05,3703.01,3707.27,3694.67,3058.309851,0.275313,2986,0.3288,2964.300091,0.436092,3017.978081,0.33892
M_pl_f_1,M,pl,f,1,S15,15,S15_1,1,3158.31,3165.2,3168.6,3161.01,2825.27354,0.329002,2773.251915,0.402695,2770.3015,0.379047,2817.472917,0.515376
M_pl_f_2,M,pl,f,2,S15,15,S15_2,2,3158.31,3165.2,3168.6,3161.01,2825.27354,0.329002,2773.251915,0.402695,2770.3015,0.379047,2817.472917,0.515376
M_pl_f_3,M,pl,f,3,S15,15,S15_3,3,3158.31,3165.2,3168.6,3161.01,2825.27354,0.329002,2773.251915,0.402695,2770.3015,0.379047,2817.472917,0.515376
M_pl_f_4,M,pl,f,4,S15,15,S15_4,4,3158.31,3165.2,3168.6,3161.01,2825.27354,0.329002,2773.251915,0.402695,2770.3015,0.379047,2817.472917,0.515376
M_pl_f_5,M,pl,f,5,S15,15,S15_5,5,3158.31,3165.2,3168.6,3161.01,2825.27354,0.329002,2773.251915,0.402695,2770.3015,0.379047,2817.472917,0.515376
M_pl_f_6,M,pl,f,6,S15,15,S15_6,6,3158.31,3165.2,3168.6,3161.01,2825.27354,0.329002,2773.251915,0.402695,2770.3015,0.379047,2817.472917,0.515376
M_pl_f_7,M,pl,f,7,S15,15,S15_7,7,3158.31,3165.2,3168.6,3161.01,2825.27354,0.329002,2773.251915,0.402695,2770.3015,0.379047,2817.472917,0.515376
M_pl_f_8,M,pl,f,8,S15,15,S15_8,8,3158.31,3165.2,3168.6,3161.01,2825.27354,0.329002,2773.251915,0.402695,2770.3015,0.379047,2817.472917,0.515376
M_pl_f_9,M,pl,f,9,S15,15,S15_9,9,3158.31,3165.2,3168.6,3161.01,2825.27354,0.329002,2773.251915,0.402695,2770.3015,0.379047,2817.472917,0.515376
M_pt_a2_1,M,pt,a2,1,S16,16,S16_1,1,406.72,408.97,409.1,406.6,4472,0.5842,4404,0.9945,3786.597951,1.935203,1653.087532,7.785392
M_pt_a2_2,M,pt,a2,2,S16,16,S16_2,2,406.72,408.97,409.1,406.6,4472,0.5842,4404,0.9945,3786.597951,1.935203,1653.087532,7.785392
M_pt_a2_3,M,pt,a2,3,S16,16,S16_3,3,406.72,408.97,409.1,406.6,4472,0.5842,4404,0.9945,3786.597951,1.935203,1653.087532,7.785392
M_pt_a3_1,M,pt,a3,1,S17,17,S17_1,1,400.5,402.79,402.82,400.48,4498,0.2363,4388,0.5915,4234.542892,0.70533,4292.952372,0.821473
M_pt_a3_2,M,pt,a3,2,S17,17,S17_2,2,400.5,402.79,402.82,400.48,4498,0.2363,4388,0.5915,4234.542892,0.70533,4292.952372,0.821473
M_pt_a3_3,M,pt,a3,3,S17,17,S17_3,3,400.5,402.79,402.82,400.48,4498,0.2363,4388,0.5915,4234.542892,0.70533,4292.952372,0.821473
M_pt_a4_1,M,pt,a4,1,S18,18,S18_1,1,395.9,398.37,397.82,395.56,4719,0.7873,4596,0.8113,4609.862625,0.621888,4710.225148,1.294932
M_pt_a4_2,M,pt,a4,2,S18,18,S18_2,2,395.9,398.37,397.82,395.56,4719,0.7873,4596,0.8113,4609.862625,0.621888,4710.225148,1.294932
M_pt_a4_3,M,pt,a4,3,S18,18,S18_3,3,395.9,398.37,397.82,395.56,4719,0.7873,4596,0.8113,4609.862625,0.621888,4710.225148,1.294932
M_pt_b2_1,M,pt,b2,1,S19,19,S19_1,1,415.23,418.31,416.18,413.45,4536,0.4171,4411,0.7588,4414.547779,0.553551,4509.984169,0.52142
M_pt_b2_2,M,pt,b2,2,S19,19,S19_2,2,415.23,418.31,416.18,413.45,4536,0.4171,4411,0.7588,4414.547779,0.553551,4509.984169,0.52142
M_pt_b2_3,M,pt,b2,3,S19,19,S19_3,3,415.23,418.31,416.18,413.45,4536,0.4171,4411,0.7588,4414.547779,0.553551,4509.984169,0.52142
M_pt_b3_1,M,pt,b3,1,S20,20,S20_1,1,387.08,389.91,388.16,0,4571,0.3748,4462,0.7244,3491.377094,4.810917,0,0
M_pt_b3_2,M,pt,b3,2,S20,20,S20_2,2,387.08,389.91,388.16,0,4571,0.3748,4462,0.7244,3491.377094,4.810917,0,0
M_pt_b3_3,M,pt,b3,3,S20,20,S20_3,3,387.08,389.91,388.16,0,4571,0.3748,4462,0.7244,3491.377094,4.810917,0,0
M_pt_b4_1,M,pt,b4,1,S21,21,S21_1,1,461.26,463.84,463.18,461.14,4823.929005,0.448384,4706.268518,0.687095,4718.767208,0.632447,4806.035775,0.460928
M_pt_b4_2,M,pt,b4,2,S21,21,S21_2,2,461.26,463.84,463.18,461.14,4823.929005,0.448384,4706.268518,0.687095,4718.767208,0.632447,4806.035775,0.460928
M_pt_b4_3,M,pt,b4,3,S21,21,S21_3,3,461.26,463.84,463.18,461.14,4823.929005,0.448384,4706.268518,0.687095,4718.767208,0.632447,4806.035775,0.460928
M_pt_c2_1,M,pt,c2,1,S22,22,S22_1,1,770.46,773.34,773.45,770.71,6597,0.3265,6472,0.5026,6511.467085,0.740086,6579.784775,0.490511
M_pt_c2_2,M,pt,c2,2,S22,22,S22_2,2,770.46,773.34,773.45,770.71,6597,0.3265,6472,0.5026,6511.467085,0.740086,6579.784775,0.490511
M_pt_c2_3,M,pt,c2,3,S22,22,S22_3,3,770.46,773.34,773.45,770.71,6597,0.3265,6472,0.5026,6511.467085,0.740086,6579.784775,0.490511
M_pt_c3_1,M,pt,c3,1,S23,23,S23_1,1,671.97,674.62,674.68,672.02,6197,0.3835,6073,0.5518,6062.192123,0.558998,6168.036091,0.694609
M_pt_c3_2,M,pt,c3,2,S23,23,S23_2,2,671.97,674.62,674.68,672.02,6197,0.3835,6073,0.5518,6062.192123,0.558998,6168.036091,0.694609
M_pt_c3_3,M,pt,c3,3,S23,23,S23_3,3,671.97,674.62,674.68,672.02,6197,0.3835,6073,0.5518,6062.192123,0.558998,6168.036091,0.694609
M_pt_c4_1,M,pt,c4,1,S24,24,S24_1,1,743.79,746.32,745.79,743.06,6406,0.4422,6305,0.5659,6332.153106,1.155542,6426.79265,0.769807
M_pt_c4_2,M,pt,c4,2,S24,24,S24_2,2,743.79,746.32,745.79,743.06,6406,0.4422,6305,0.5659,6332.153106,1.155542,6426.79265,0.769807
M_pt_c4_3,M,pt,c4,3,S24,24,S24_3,3,743.79,746.32,745.79,743.06,6406,0.4422,6305,0.5659,6332.153106,1.155542,6426.79265,0.769807
S_pl_a_1,S,pl,a,1,S25,25,S25_1,1,0,1965.94,1971.9,0,2384.185089,0.305304,2219,0.6633,1990.170771,1.152276,0,0
S_pl_a_2,S,pl,a,2,S25,25,S25_2,2,0,1965.94,1971.9,0,2384.185089,0.305304,2219,0.6633,1990.170771,1.152276,0,0
S_pl_a_3,S,pl,a,3,S25,25,S25_3,3,0,1965.94,1971.9,0,2384.185089,0.305304,2219,0.6633,1990.170771,1.152276,0,0
S_pl_a_4,S,pl,a,4,S25,25,S25_4,4,0,1965.94,1971.9,0,2384.185089,0.305304,2219,0.6633,1990.170771,1.152276,0,0
S_pl_a_5,S,pl,a,5,S25,25,S25_5,5,0,1965.94,1971.9,0,2384.185089,0.305304,2219,0.6633,1990.170771,1.152276,0,0
S_pl_a_6,S,pl,a,6,S25,25,S25_6,6,0,1965.94,1971.9,0,2384.185089,0.305304,2219,0.6633,1990.170771,1.152276,0,0
S_pl_a_7,S,pl,a,7,S25,25,S25_7,7,0,1965.94,1971.9,0,2384.185089,0.305304,2219,0.6633,1990.170771,1.152276,0,0
S_pl_a_8,S,pl,a,8,S25,25,S25_8,8,0,1965.94,1971.9,0,2384.185089,0.305304,2219,0.6633,1990.170771,1.152276,0,0
S_pl_a_9,S,pl,a,9,S25,25,S25_9,9,0,1965.94,1971.9,0,2384.185089,0.305304,2219,0.6633,1990.170771,1.152276,0,0
S_pl_d_1,S,pl,d,1,S26,26,S26_1,1,4230.6,4334.35,4343.61,4234.34,3740,0.2481,3329,0.7683,3119.234401,1.148756,3570.086107,0.465784
S_pl_d_2,S,pl,d,2,S26,26,S26_2,2,4230.6,4334.35,4343.61,4234.34,3740,0.2481,3329,0.7683,3119.234401,1.148756,3570.086107,0.465784
S_pl_d_3,S,pl,d,3,S26,26,S26_3,3,4230.6,4334.35,4343.61,4234.34,3740,0.2481,3329,0.7683,3119.234401,1.148756,3570.086107,0.465784
S_pl_d_4,S,pl,d,4,S26,26,S26_4,4,4230.6,4334.35,4343.61,4234.34,3740,0.2481,3329,0.7683,3119.234401,1.148756,3570.086107,0.465784
S_pl_d_6,S,pl,d,6,S26,26,S26_6,6,4230.6,4334.35,4343.61,4234.34,3740,0.2481,3329,0.7683,3119.234401,1.148756,3570.086107,0.465784
S_pl_d_7,S,pl,d,7,S26,26,S26_7,7,4230.6,4334.35,4343.61,4234.34,3740,0.2481,3329,0.7683,3119.234401,1.148756,3570.086107,0.465784
S_pl_d_8,S,pl,d,8,S26,26,S26_8,8,4230.6,4334.35,4343.61,4234.34,3740,0.2481,3329,0.7683,3119.234401,1.148756,3570.086107,0.465784
S_pl_d_9,S,pl,d,9,S26,26,S26_9,9,4230.6,4334.35,4343.61,4234.34,3740,0.2481,3329,0.7683,3119.234401,1.148756,3570.086107,0.465784
S_pt_d2_1,S,pt,d2,1,S27,27,S27_1,1,617.75,632.41,633.89,617.39,9348,0.6028,8630,1.47,4537.750205,4.959572,7104.522742,0.681352
S_pt_d2_3,S,pt,d2,3,S27,27,S27_3,3,617.75,632.41,633.89,617.39,9348,0.6028,8630,1.47,4537.750205,4.959572,7104.522742,0.681352
S_pt_d3_3,S,pt,d3,3,S28,28,S28_3,3,0,0,0,0,8478,0.9505,7892,1.421,5652.558195,6.901939,0,0
S_pt_d4_2,S,pt,d4,2,S29,29,S29_2,2,0,0,0,0,9207,0.899,8621,1.066,4549.123918,2.330161,0,0
S_pt_d4_3,S,pt,d4,3,S29,29,S29_3,3,0,0,0,0,9207,0.899,8621,1.066,4549.123918,2.330161,0,0
LG_pl_a_1,LG,pl,a,1,S30,30,S30_1,1,3992.44,4018.93,4019.82,3995.74,3271,0.2937,3203,0.356,3191.232576,0.390951,3248.84396,0.230071
LG_pl_a_2,LG,pl,a,2,S30,30,S30_2,2,3992.44,4018.93,4019.82,3995.74,3271,0.2937,3203,0.356,3191.232576,0.390951,3248.84396,0.230071
LG_pl_a_3,LG,pl,a,3,S30,30,S30_3,3,3992.44,4018.93,4019.82,3995.74,3271,0.2937,3203,0.356,3191.232576,0.390951,3248.84396,0.230071
LG_pl_a_4,LG,pl,a,4,S30,30,S30_4,4,3992.44,4018.93,4019.82,3995.74,3271,0.2937,3203,0.356,3191.232576,0.390951,3248.84396,0.230071
LG_pl_a_5,LG,pl,a,5,S30,30,S30_5,5,3992.44,4018.93,4019.82,3995.74,3271,0.2937,3203,0.356,3191.232576,0.390951,3248.84396,0.230071
LG_pl_a_6,LG,pl,a,6,S30,30,S30_6,6,3992.44,4018.93,4019.82,3995.74,3271,0.2937,3203,0.356,3191.232576,0.390951,3248.84396,0.230071
LG_pl_a_7,LG,pl,a,7,S30,30,S30_7,7,3992.44,4018.93,4019.82,3995.74,3271,0.2937,3203,0.356,3191.232576,0.390951,3248.84396,0.230071
LG_pl_a_8,LG,pl,a,8,S30,30,S30_8,8,3992.44,4018.93,4019.82,3995.74,3271,0.2937,3203,0.356,3191.232576,0.390951,3248.84396,0.230071
LG_pl_a_9,LG,pl,a,9,S30,30,S30_9,9,3992.44,4018.93,4019.82,3995.74,3271,0.2937,3203,0.356,3191.232576,0.390951,3248.84396,0.230071
P_pl_a_1,P,pl,a,1,S31,31,S31_1,1,1636.5,1657.55,1656.34,1636.62,3020,0.4311,2943,0.3937,2854.714907,0.373521,2906.21575,0.454652
P_pl_a_2,P,pl,a,2,S31,31,S31_2,2,1636.5,1657.55,1656.34,1636.62,3020,0.4311,2943,0.3937,2854.714907,0.373521,2906.21575,0.454652
P_pl_a_3,P,pl,a,3,S31,31,S31_3,3,1636.5,1657.55,1656.34,1636.62,3020,0.4311,2943,0.3937,2854.714907,0.373521,2906.21575,0.454652
P_pl_a_4,P,pl,a,4,S31,31,S31_4,4,1636.5,1657.55,1656.34,1636.62,3020,0.4311,2943,0.3937,2854.714907,0.373521,2906.21575,0.454652
P_pl_a_5,P,pl,a,5,S31,31,S31_5,5,1636.5,1657.55,1656.34,1636.62,3020,0.4311,2943,0.3937,2854.714907,0.373521,2906.21575,0.454652
P_pl_a_6,P,pl,a,6,S31,31,S31_6,6,1636.5,1657.55,1656.34,1636.62,3020,0.4311,2943,0.3937,2854.714907,0.373521,2906.21575,0.454652
P_pl_a_7,P,pl,a,7,S31,31,S31_7,7,1636.5,1657.55,1656.34,1636.62,3020,0.4311,2943,0.3937,2854.714907,0.373521,2906.21575,0.454652
P_pl_a_8,P,pl,a,8,S31,31,S31_8,8,1636.5,1657.55,1656.34,1636.62,3020,0.4311,2943,0.3937,2854.714907,0.373521,2906.21575,0.454652
P_pl_a_9,P,pl,a,9,S31,31,S31_9,9,1636.5,1657.55,1656.34,1636.62,3020,0.4311,2943,0.3937,2854.714907,0.373521,2906.21575,0.454652